Timestamp,"Listen to 1: https://drive.google.com/file/d/15zWNDqzoYJK7y425kl5EbVFIFj7yyhP2/view?usp=drive_link

How musical does 1 sound?","Listen to 2: https://drive.google.com/file/d/14p01lpI54oLUzomYuszUOX1BeYojAFH1/view?usp=drive_link

How musical does 2 sound?","Listen to 3: https://drive.google.com/file/d/10F78Xwju_Lig2lYrZCju9QWzNAxbiKl1/view?usp=drive_link

How musical does 3 sound?","Listen to 4: https://drive.google.com/file/d/1FaSKFyjei2dq2OYA3-_Q3IcFsqiuBOFB/view?usp=drive_link

How musical does 4 sound?","Listen to 5: https://drive.google.com/file/d/1FlVEU80VjHPQRQVnMxaCDpdO9mCd6VmJ/view?usp=drive_link

How musical does 5 sound?","Listen to 6: https://drive.google.com/file/d/10jC0ygyI8YB25er2YMbGJHmP1SMVFz7-/view?usp=drive_link

How musical does 6 sound?"
5/8/2026 11:03:01,3,3,3,3,3,3
5/8/2026 11:08:47,1,1,1,1,1,1
5/8/2026 11:09:12,1,2,2,1,1,1
5/8/2026 11:09:29,1,1,1,1,1,1
5/8/2026 11:10:16,1,1,1,1,1,1
5/8/2026 11:10:28,2,2,1,1,1,1
5/8/2026 11:10:43,2,1,1,1,1,1
5/8/2026 11:15:24,4,2,1,1,1,2
5/8/2026 11:16:17,3,3,2,1,1,1
5/8/2026 11:16:28,1,1,2,1,1,1
5/8/2026 11:16:39,1,1,1,1,1,1
5/8/2026 12:05:07,5,4,5,4,4,5
5/8/2026 15:21:17,3,3,3,4,4,4
5/8/2026 16:33:32,3,4,2,2,4,3
5/8/2026 16:43:10,3,4,3,3,3,3
5/8/2026 16:59:41,1,1,1,1,1,1